{
    "n_clusters": 3,
    "silhouette_score": 0.3579234303882264,
    "cluster_centers": [
        [
            0.829353807558692,
            -0.0034829604119242445,
            -0.6543859327437457
        ],
        [
            -0.4303375769912374,
            1.0222331709212904,
            1.1559356418691986
        ],
        [
            -0.9837162677618049,
            -0.6599554890194951,
            0.24488394010734035
        ]
    ]
}